{
  "project_info": {
    "project_number": "318669383837",
    "firebase_url": "https://flutter-chat-7e401.firebaseio.com",
    "project_id": "flutter-chat-7e401",
    "storage_bucket": "flutter-chat-7e401.appspot.com"
  },
  "client": [
    {
      "client_info": {
        "mobilesdk_app_id": "1:318669383837:android:3c9a4613755f50f68a4c74",
        "android_client_info": {
          "package_name": "com.example.chatapp"
        }
      },
      "oauth_client": [
        {
          "client_id": "318669383837-sa5fr26ek0h2gl30tufsrgpgcrrnfikj.apps.googleusercontent.com",
          "client_type": 3
        }
      ],
      "api_key": [
        {
          "current_key": "AIzaSyDbst5aaS3787lwrHXqbuuNt0JsR-XCJzo"
        }
      ],
      "services": {
        "appinvite_service": {
          "other_platform_oauth_client": [
            {
              "client_id": "318669383837-sa5fr26ek0h2gl30tufsrgpgcrrnfikj.apps.googleusercontent.com",
              "client_type": 3
            }
          ]
        }
      }
    }
  ],
  "configuration_version": "1"
}